<?xml version="1.0" encoding="utf-8" ?>
<dwsync>
<file name="DroidKufi-Regular.eot" server="C:/AppServ/www/ConAcadimy/" local="129976135880000000" remote="129976135880000000" Dst="0" />
<file name="DroidKufi-Regular.woff" server="C:/AppServ/www/ConAcadimy/" local="129976130860000000" remote="129976130860000000" Dst="0" />
<file name="DroidKufi-Regular.ttf" server="C:/AppServ/www/ConAcadimy/" local="129976131000000000" remote="129976131000000000" Dst="0" />
<file name="DroidKufi-Bold.eot" server="C:/AppServ/www/ConAcadimy/" local="129976131120000000" remote="129976131120000000" Dst="0" />
<file name="DroidKufi-Bold.woff" server="C:/AppServ/www/ConAcadimy/" local="129976136500000000" remote="129976136500000000" Dst="0" />
<file name="DroidKufi-Bold.ttf" server="C:/AppServ/www/ConAcadimy/" local="129976136580000000" remote="129976136580000000" Dst="0" />
<file name="glyphicons-halflings-regular.eot" server="C:/AppServ/www/ConAcadimy/" local="131138995140000000" remote="131138995140000000" Dst="0" />
<file name="glyphicons-halflings-regular.woff2" server="C:/AppServ/www/ConAcadimy/" local="131138995140000000" remote="131138995140000000" Dst="0" />
<file name="glyphicons-halflings-regular.woff" server="C:/AppServ/www/ConAcadimy/" local="131138995140000000" remote="131138995140000000" Dst="0" />
<file name="glyphicons-halflings-regular.ttf" server="C:/AppServ/www/ConAcadimy/" local="131138995140000000" remote="131138995140000000" Dst="0" />
<file name="DroidKufi-Bold2.woff" server="C:/AppServ/www/ConAcadimy/" local="129976136420000000" remote="129976136420000000" Dst="0" />
</dwsync>